Date,Name,Year,Letterboxd URI,Rating
2018-10-26,X-Men: Apocalypse,2016,https://letterboxd.com/film/x-men-apocalypse/,2
2018-10-26,American Honey,2016,https://letterboxd.com/film/american-honey/,4
2018-10-26,Ant-Man,2015,https://letterboxd.com/film/ant-man/,3.5
2018-10-26,Percy Jackson: Sea of Monsters,2013,https://letterboxd.com/film/percy-jackson-sea-of-monsters/,1
2018-10-26,Captain America: The Winter Soldier,2014,https://letterboxd.com/film/captain-america-the-winter-soldier/,4.5
2018-10-26,Ex Machina,2014,https://letterboxd.com/film/ex-machina-2014/,4
2018-10-26,The Breakfast Club,1985,https://letterboxd.com/film/the-breakfast-club/,4
2018-10-26,Arrival,2016,https://letterboxd.com/film/arrival-2016/,5
2018-10-26,Moonlight,2016,https://letterboxd.com/film/moonlight-2016/,5
2018-10-26,The Martian,2015,https://letterboxd.com/film/the-martian/,3
2018-10-26,Batman v Superman: Dawn of Justice,2016,https://letterboxd.com/film/batman-v-superman-dawn-of-justice/,3
2018-10-26,The Heat,2013,https://letterboxd.com/film/the-heat/,2
2018-10-26,Jackie,2016,https://letterboxd.com/film/jackie-2016/,4
2018-10-26,Nocturnal Animals,2016,https://letterboxd.com/film/nocturnal-animals/,3.5
2018-10-26,Manchester by the Sea,2016,https://letterboxd.com/film/manchester-by-the-sea/,5
2018-10-26,Her,2013,https://letterboxd.com/film/her/,5
2018-10-26,The Edge of Seventeen,2016,https://letterboxd.com/film/the-edge-of-seventeen/,4
2018-10-26,Underworld: Blood Wars,2016,https://letterboxd.com/film/underworld-blood-wars/,0.5
2018-10-26,La La Land,2016,https://letterboxd.com/film/la-la-land/,5
2018-10-26,Mad Max: Fury Road,2015,https://letterboxd.com/film/mad-max-fury-road/,5
2018-10-26,Doctor Strange,2016,https://letterboxd.com/film/doctor-strange-2016/,2.5
2018-10-26,20th Century Women,2016,https://letterboxd.com/film/20th-century-women/,5
2018-10-26,Moana,2016,https://letterboxd.com/film/moana-2016/,4
2018-10-26,Star Wars: The Force Awakens,2015,https://letterboxd.com/film/star-wars-the-force-awakens/,4
2018-10-26,Pacific Rim,2013,https://letterboxd.com/film/pacific-rim/,3.5
2018-10-26,Romeo + Juliet,1996,https://letterboxd.com/film/romeo-juliet-1996/,4.5
2018-10-26,The Man from U.N.C.L.E.,2015,https://letterboxd.com/film/the-man-from-uncle/,3.5
2018-10-26,Passengers,2016,https://letterboxd.com/film/passengers-2016/,1
2018-10-26,Batman: Under the Red Hood,2010,https://letterboxd.com/film/batman-under-the-red-hood/,4
2018-10-26,Fantastic Beasts and Where to Find Them,2016,https://letterboxd.com/film/fantastic-beasts-and-where-to-find-them/,3
2018-10-26,Justice League vs. Teen Titans,2016,https://letterboxd.com/film/justice-league-vs-teen-titans/,3
2018-10-26,A Single Man,2009,https://letterboxd.com/film/a-single-man/,5
2018-10-26,Snowpiercer,2013,https://letterboxd.com/film/snowpiercer/,3
2018-10-26,Psycho,1960,https://letterboxd.com/film/psycho/,5
2018-10-26,Singin' in the Rain,1952,https://letterboxd.com/film/singin-in-the-rain/,4
2018-10-26,Free Fall,2013,https://letterboxd.com/film/free-fall-2013/,3.5
2018-10-26,Logan,2017,https://letterboxd.com/film/logan-2017/,4
2018-10-26,Boys,2014,https://letterboxd.com/film/boys-2014/,3.5
2018-10-26,Sicario,2015,https://letterboxd.com/film/sicario-2015/,4
2018-10-26,Fair Haven,2016,https://letterboxd.com/film/fair-haven/,2.5
2018-10-26,Moulin Rouge!,2001,https://letterboxd.com/film/moulin-rouge-2001/,4
2018-10-26,Prevenge,2016,https://letterboxd.com/film/prevenge/,1
2018-10-26,Teen Titans: The Judas Contract,2017,https://letterboxd.com/film/teen-titans-the-judas-contract/,3
2018-10-26,Kingsman: The Secret Service,2014,https://letterboxd.com/film/kingsman-the-secret-service/,3.5
2018-10-26,Incendies,2010,https://letterboxd.com/film/incendies/,5
2018-10-26,Black Swan,2010,https://letterboxd.com/film/black-swan/,5
2018-10-26,"Love, Rosie",2014,https://letterboxd.com/film/love-rosie/,2
2018-10-26,Get Out,2017,https://letterboxd.com/film/get-out-2017/,4
2018-10-26,The Proposal,2009,https://letterboxd.com/film/the-proposal-2009/,3
2018-10-26,Lovesong,2016,https://letterboxd.com/film/lovesong-2016/,4
2018-10-26,Mad Money,2008,https://letterboxd.com/film/mad-money/,2
2018-10-26,Krisha,2015,https://letterboxd.com/film/krisha-2015/,4
2018-10-26,White Chicks,2004,https://letterboxd.com/film/white-chicks/,2
2018-10-26,Raw,2016,https://letterboxd.com/film/raw-2016/,4
2018-10-26,Okja,2017,https://letterboxd.com/film/okja/,4.5
2018-10-26,Ratatouille,2007,https://letterboxd.com/film/ratatouille/,3
2018-10-26,To the Bone,2017,https://letterboxd.com/film/to-the-bone-2017/,3.5
2018-10-26,Handsome Devil,2016,https://letterboxd.com/film/handsome-devil/,2.5
2018-10-26,Journey to the Center of the Earth,2008,https://letterboxd.com/film/journey-to-the-center-of-the-earth-2008/,1
2018-10-26,Madagascar,2005,https://letterboxd.com/film/madagascar/,3
2018-10-26,Spider-Man,2002,https://letterboxd.com/film/spider-man/,4
2018-10-26,The Adventures of Tintin,2011,https://letterboxd.com/film/the-adventures-of-tintin/,3
2018-10-26,Last Holiday,2006,https://letterboxd.com/film/last-holiday/,2.5
2018-10-26,A Dog's Will,2000,https://letterboxd.com/film/a-dogs-will/,5
2018-10-26,Guardians of the Galaxy Vol. 2,2017,https://letterboxd.com/film/guardians-of-the-galaxy-vol-2/,3
2018-10-26,Cheaper by the Dozen,2003,https://letterboxd.com/film/cheaper-by-the-dozen-2003/,2
2018-10-26,Beauty and the Beast,2014,https://letterboxd.com/film/beauty-and-the-beast-2014/,1
2018-10-26,We Bought a Zoo,2011,https://letterboxd.com/film/we-bought-a-zoo/,2.5
2018-10-26,My Boss's Daughter,2003,https://letterboxd.com/film/my-bosss-daughter/,0.5
2018-10-26,The Addams Family,1991,https://letterboxd.com/film/the-addams-family/,2
2018-10-26,Addams Family Values,1993,https://letterboxd.com/film/addams-family-values/,2
2018-10-26,Divines,2016,https://letterboxd.com/film/divines/,4
2018-10-26,Nocturama,2016,https://letterboxd.com/film/nocturama/,4
2018-10-26,Weekend,2011,https://letterboxd.com/film/weekend-2011/,4.5
2018-10-26,The Devil Wears Prada,2006,https://letterboxd.com/film/the-devil-wears-prada/,4
2018-10-26,Thor,2011,https://letterboxd.com/film/thor/,3
2018-10-26,The Switch,2010,https://letterboxd.com/film/the-switch/,1.5
2018-10-26,The Hunger Games,2012,https://letterboxd.com/film/the-hunger-games/,3
2018-10-26,The Hunger Games: Catching Fire,2013,https://letterboxd.com/film/the-hunger-games-catching-fire/,3.5
2018-10-26,Wonder Woman,2017,https://letterboxd.com/film/wonder-woman-2017/,4
2018-10-26,Spider-Man: Homecoming,2017,https://letterboxd.com/film/spider-man-homecoming/,3.5
2018-10-26,Mr. Deeds,2002,https://letterboxd.com/film/mr-deeds/,0.5
2018-10-26,mother!,2017,https://letterboxd.com/film/mother-2017/,4
2018-10-26,It,2017,https://letterboxd.com/film/it-2017/,4
2018-10-26,Dunkirk,2017,https://letterboxd.com/film/dunkirk-2017/,5
2018-10-26,The Killing of a Sacred Deer,2017,https://letterboxd.com/film/the-killing-of-a-sacred-deer/,4.5
2018-10-26,Call Me by Your Name,2017,https://letterboxd.com/film/call-me-by-your-name/,5
2018-10-26,Star Wars: The Last Jedi,2017,https://letterboxd.com/film/star-wars-the-last-jedi/,4.5
2018-10-26,Cars 2,2011,https://letterboxd.com/film/cars-2/,1
2018-10-26,Justice League,2017,https://letterboxd.com/film/justice-league/,3.5
2018-10-26,Lady Bird,2017,https://letterboxd.com/film/lady-bird/,5
2018-10-26,Fantastic Four: Rise of the Silver Surfer,2007,https://letterboxd.com/film/fantastic-four-rise-of-the-silver-surfer/,1
2018-10-26,Miss Stevens,2016,https://letterboxd.com/film/miss-stevens/,4
2018-10-26,"I, Tonya",2017,https://letterboxd.com/film/i-tonya/,4
2018-10-26,Seashore,2015,https://letterboxd.com/film/seashore/,2
2018-10-26,Magic Mike XXL,2015,https://letterboxd.com/film/magic-mike-xxl/,4
2018-10-26,The Karate Kid,2010,https://letterboxd.com/film/the-karate-kid-2010/,2
2018-10-26,Zootopia,2016,https://letterboxd.com/film/zootopia/,5
2018-10-26,Spirited Away,2001,https://letterboxd.com/film/spirited-away/,5
2018-10-26,Wreck-It Ralph,2012,https://letterboxd.com/film/wreck-it-ralph/,3
2018-10-26,Rogue One: A Star Wars Story,2016,https://letterboxd.com/film/rogue-one-a-star-wars-story/,3.5
2018-10-26,Thor: Ragnarok,2017,https://letterboxd.com/film/thor-ragnarok/,4
2018-10-26,The Odd Life of Timothy Green,2012,https://letterboxd.com/film/the-odd-life-of-timothy-green/,1
2018-10-26,God's Own Country,2017,https://letterboxd.com/film/gods-own-country-2017/,4.5
2018-10-26,Just My Luck,2006,https://letterboxd.com/film/just-my-luck-2006/,3
2018-10-26,Footloose,2011,https://letterboxd.com/film/footloose-2011/,0.5
2018-10-26,Charlie and the Chocolate Factory,2005,https://letterboxd.com/film/charlie-and-the-chocolate-factory/,2.5
2018-10-26,Cheaper by the Dozen 2,2005,https://letterboxd.com/film/cheaper-by-the-dozen-2/,1
2018-10-26,Harry Potter and the Deathly Hallows: Part 2,2011,https://letterboxd.com/film/harry-potter-and-the-deathly-hallows-part-2/,3.5
2018-10-26,Bolt,2008,https://letterboxd.com/film/bolt/,3.5
2018-10-26,Kingsman: The Golden Circle,2017,https://letterboxd.com/film/kingsman-the-golden-circle/,2.5
2018-10-26,Thor: The Dark World,2013,https://letterboxd.com/film/thor-the-dark-world/,2.5
2018-10-26,Good Time,2017,https://letterboxd.com/film/good-time/,4
2018-10-26,The Grand Budapest Hotel,2014,https://letterboxd.com/film/the-grand-budapest-hotel/,5
2018-10-26,The Shape of Water,2017,https://letterboxd.com/film/the-shape-of-water/,5
2018-10-26,The Florida Project,2017,https://letterboxd.com/film/the-florida-project/,4.5
2018-10-26,"Yours, Mine & Ours",2005,https://letterboxd.com/film/yours-mine-ours/,2
2018-10-26,The Chronicles of Narnia: Prince Caspian,2008,https://letterboxd.com/film/the-chronicles-of-narnia-prince-caspian/,2.5
2018-10-26,The Ant Bully,2006,https://letterboxd.com/film/the-ant-bully/,2
2018-10-26,Vampire Academy,2014,https://letterboxd.com/film/vampire-academy/,0.5
2018-10-26,The Lion King,1994,https://letterboxd.com/film/the-lion-king/,4
2018-10-26,Vai Que Cola: O Filme,2015,https://letterboxd.com/film/vai-que-cola-o-filme/,1
2018-10-26,Finding Dory,2016,https://letterboxd.com/film/finding-dory/,4
2018-10-26,Rough Night,2017,https://letterboxd.com/film/rough-night/,2
2018-10-26,Legally Blonde,2001,https://letterboxd.com/film/legally-blonde/,4
2018-10-26,The Twilight Saga: Eclipse,2010,https://letterboxd.com/film/the-twilight-saga-eclipse/,3.5
2018-10-26,Pokémon the Movie: I Choose You!,2017,https://letterboxd.com/film/pokemon-the-movie-i-choose-you/,2.5
2018-10-26,Where the Wild Things Are,2009,https://letterboxd.com/film/where-the-wild-things-are/,4
2018-10-26,Heaven's Door,2012,https://letterboxd.com/film/heavens-door-2012/,0.5
2018-10-26,Gone Girl,2014,https://letterboxd.com/film/gone-girl/,5
2018-10-26,She's All That,1999,https://letterboxd.com/film/shes-all-that/,3.5
2018-10-26,The Craft,1996,https://letterboxd.com/film/the-craft/,2
2018-10-26,The Change-Up,2011,https://letterboxd.com/film/the-change-up/,1
2018-10-26,Gods of Egypt,2016,https://letterboxd.com/film/gods-of-egypt/,0.5
2018-10-26,The Skin I Live In,2011,https://letterboxd.com/film/the-skin-i-live-in/,5
2018-10-26,Jumanji,1995,https://letterboxd.com/film/jumanji/,3.5
2018-10-26,Sabrina,1954,https://letterboxd.com/film/sabrina/,4
2018-10-26,Inception,2010,https://letterboxd.com/film/inception/,5
2018-10-26,Guys and Dolls,1955,https://letterboxd.com/film/guys-and-dolls/,3.5
2018-10-26,Back to the Future,1985,https://letterboxd.com/film/back-to-the-future/,5
2018-10-26,Hotel Transylvania,2012,https://letterboxd.com/film/hotel-transylvania/,2.5
2018-10-26,Nanny McPhee,2005,https://letterboxd.com/film/nanny-mcphee/,2.5
2018-10-26,V for Vendetta,2005,https://letterboxd.com/film/v-for-vendetta/,3.5
2018-10-26,Keeping Up with the Joneses,2016,https://letterboxd.com/film/keeping-up-with-the-joneses/,2
2018-10-26,Looking: The Movie,2016,https://letterboxd.com/film/looking-the-movie/,3.5
2018-10-26,Monsters University,2013,https://letterboxd.com/film/monsters-university/,3
2018-10-26,Harry Potter and the Order of the Phoenix,2007,https://letterboxd.com/film/harry-potter-and-the-order-of-the-phoenix/,3
2018-10-26,Captain Fantastic,2016,https://letterboxd.com/film/captain-fantastic/,4.5
2018-10-26,Coming In,2014,https://letterboxd.com/film/coming-in/,0.5
2018-10-26,Harry Potter and the Chamber of Secrets,2002,https://letterboxd.com/film/harry-potter-and-the-chamber-of-secrets/,3
2018-10-26,Inherent Vice,2014,https://letterboxd.com/film/inherent-vice/,3.5
2018-10-26,It's Only the End of the World,2016,https://letterboxd.com/film/its-only-the-end-of-the-world/,4
2018-10-26,The Witch,2015,https://letterboxd.com/film/the-witch-2015/,4
2018-10-26,Harry Potter and the Prisoner of Azkaban,2004,https://letterboxd.com/film/harry-potter-and-the-prisoner-of-azkaban/,5
2018-10-26,John Tucker Must Die,2006,https://letterboxd.com/film/john-tucker-must-die/,2
2018-10-26,Clueless,1995,https://letterboxd.com/film/clueless/,3
2018-10-26,Evita,1996,https://letterboxd.com/film/evita/,3
2018-10-26,Hey Arnold! The Jungle Movie,2017,https://letterboxd.com/film/hey-arnold-the-jungle-movie/,3
2018-10-26,Kubo and the Two Strings,2016,https://letterboxd.com/film/kubo-and-the-two-strings/,3.5
2018-10-26,Shame,2011,https://letterboxd.com/film/shame-2011/,5
2018-10-26,E.T. the Extra-Terrestrial,1982,https://letterboxd.com/film/et-the-extra-terrestrial/,5
2018-10-26,A History of Violence,2005,https://letterboxd.com/film/a-history-of-violence/,3.5
2018-10-26,Henry Gamble's Birthday Party,2015,https://letterboxd.com/film/henry-gambles-birthday-party/,3.5
2018-10-26,Avatar,2009,https://letterboxd.com/film/avatar/,2.5
2018-10-26,Prometheus,2012,https://letterboxd.com/film/prometheus/,2.5
2018-10-26,Star Trek Beyond,2016,https://letterboxd.com/film/star-trek-beyond/,4
2018-10-26,Titanic,1997,https://letterboxd.com/film/titanic-1997/,5
2018-10-26,A Walk to Remember,2002,https://letterboxd.com/film/a-walk-to-remember/,2
2018-10-26,Home Alone,1990,https://letterboxd.com/film/home-alone/,3
2018-10-26,The Mummy,2017,https://letterboxd.com/film/the-mummy-2017/,0.5
2018-10-26,From the Land of the Moon,2016,https://letterboxd.com/film/from-the-land-of-the-moon/,3
2018-10-26,The Exorcist,1973,https://letterboxd.com/film/the-exorcist/,4
2018-10-26,The Shining,1980,https://letterboxd.com/film/the-shining/,5
2018-10-26,Looper,2012,https://letterboxd.com/film/looper/,3
2018-10-26,A Man Called Ove,2015,https://letterboxd.com/film/a-man-called-ove/,4
2018-10-26,Life,2015,https://letterboxd.com/film/life-2015/,2.5
2018-10-26,The Goonies,1985,https://letterboxd.com/film/the-goonies/,5
2018-10-26,Stonewall,2015,https://letterboxd.com/film/stonewall-2015/,0.5
2018-10-26,Percy Jackson & the Olympians: The Lightning Thief,2010,https://letterboxd.com/film/percy-jackson-the-olympians-the-lightning-thief/,2
2018-10-26,The Bling Ring,2013,https://letterboxd.com/film/the-bling-ring/,3.5
2018-10-26,The Perks of Being a Wallflower,2012,https://letterboxd.com/film/the-perks-of-being-a-wallflower/,4.5
2018-10-26,Alien: Covenant,2017,https://letterboxd.com/film/alien-covenant/,3
2018-10-26,Mapplethorpe: Look at the Pictures,2016,https://letterboxd.com/film/mapplethorpe-look-at-the-pictures/,3
2018-10-26,The Family Stone,2005,https://letterboxd.com/film/the-family-stone/,3.5
2018-10-26,2001: A Space Odyssey,1968,https://letterboxd.com/film/2001-a-space-odyssey/,5
2018-10-26,Minority Report,2002,https://letterboxd.com/film/minority-report/,4
2018-10-26,Jurassic World,2015,https://letterboxd.com/film/jurassic-world/,2
2018-10-26,Stars & Bars,1988,https://letterboxd.com/film/stars-bars/,1
2018-10-26,10 Cloverfield Lane,2016,https://letterboxd.com/film/10-cloverfield-lane/,3
2018-10-26,Spotlight,2015,https://letterboxd.com/film/spotlight/,4.5
2018-10-26,Gravity,2013,https://letterboxd.com/film/gravity-2013/,4
2018-10-26,Fur: An Imaginary Portrait of Diane Arbus,2006,https://letterboxd.com/film/fur-an-imaginary-portrait-of-diane-arbus/,2.5
2018-10-26,The King's Speech,2010,https://letterboxd.com/film/the-kings-speech/,4.5
2018-10-26,Annihilation,2018,https://letterboxd.com/film/annihilation/,4.5
2018-10-26,American Psycho,2000,https://letterboxd.com/film/american-psycho/,4
2018-10-26,Jurassic Park,1993,https://letterboxd.com/film/jurassic-park/,4.5
2018-10-26,Dare,2009,https://letterboxd.com/film/dare-2009/,1
2018-10-26,The Princess Diaries,2001,https://letterboxd.com/film/the-princess-diaries/,3
2018-10-26,Fahrenheit 451,2018,https://letterboxd.com/film/fahrenheit-451-2018/,2
2018-10-26,Match Point,2005,https://letterboxd.com/film/match-point/,4.5
2018-10-26,Elizabeth: The Golden Age,2007,https://letterboxd.com/film/elizabeth-the-golden-age/,2
2018-10-26,Pride & Prejudice,2005,https://letterboxd.com/film/pride-prejudice/,5
2018-10-26,The Other Boleyn Girl,2008,https://letterboxd.com/film/the-other-boleyn-girl/,2
2018-10-26,A Most Wanted Man,2014,https://letterboxd.com/film/a-most-wanted-man/,3.5
2018-10-26,Children of Men,2006,https://letterboxd.com/film/children-of-men/,5
2018-10-26,Baby Driver,2017,https://letterboxd.com/film/baby-driver/,4
2018-10-26,The Girl on the Train,2016,https://letterboxd.com/film/the-girl-on-the-train-2016/,3
2018-10-26,Saturday Night Fever,1977,https://letterboxd.com/film/saturday-night-fever/,3
2018-10-26,Split,2016,https://letterboxd.com/film/split-2016/,2.5
2018-10-26,The Maze Runner,2014,https://letterboxd.com/film/the-maze-runner/,2.5
2018-10-26,Maleficent,2014,https://letterboxd.com/film/maleficent/,3.5
2018-10-27,Harry Potter and the Half-Blood Prince,2009,https://letterboxd.com/film/harry-potter-and-the-half-blood-prince/,3
2018-10-27,Miss Sloane,2016,https://letterboxd.com/film/miss-sloane/,4
2018-10-27,Maze Runner: The Scorch Trials,2015,https://letterboxd.com/film/maze-runner-the-scorch-trials/,3
2018-10-27,Futuro Beach,2014,https://letterboxd.com/film/futuro-beach/,2.5
2018-10-27,Life,2017,https://letterboxd.com/film/life-2017/,2.5
2018-10-27,The Twilight Saga: Breaking Dawn - Part 2,2012,https://letterboxd.com/film/the-twilight-saga-breaking-dawn-part-2/,3
2018-10-27,The Second Mother,2015,https://letterboxd.com/film/the-second-mother/,5
2018-10-27,The Social Network,2010,https://letterboxd.com/film/the-social-network/,5
2018-10-27,How to Lose a Guy in 10 Days,2003,https://letterboxd.com/film/how-to-lose-a-guy-in-10-days/,3
2018-10-27,Battle of the Sexes,2017,https://letterboxd.com/film/battle-of-the-sexes-2017/,3.5
2018-10-27,Saint Seiya: Legend of Sanctuary,2014,https://letterboxd.com/film/saint-seiya-legend-of-sanctuary/,2
2018-10-27,Ghostbusters,1984,https://letterboxd.com/film/ghostbusters/,3.5
2018-10-27,Toy Story 3,2010,https://letterboxd.com/film/toy-story-3/,4.5
2018-10-27,Corpse Bride,2005,https://letterboxd.com/film/corpse-bride/,3
2018-10-27,The DUFF,2015,https://letterboxd.com/film/the-duff/,2
2018-10-27,Donnie Darko,2001,https://letterboxd.com/film/donnie-darko/,5
2018-10-27,Silver Linings Playbook,2012,https://letterboxd.com/film/silver-linings-playbook/,3.5
2018-10-27,The Intern,2015,https://letterboxd.com/film/the-intern-2015/,2.5
2018-10-27,The Lobster,2015,https://letterboxd.com/film/the-lobster/,4
2018-10-27,How to Marry a Millionaire,1953,https://letterboxd.com/film/how-to-marry-a-millionaire/,3
2018-10-27,Liquid Truth,2017,https://letterboxd.com/film/liquid-truth/,3
2018-10-27,In Time,2011,https://letterboxd.com/film/in-time/,2
2018-10-27,Aladdin,1992,https://letterboxd.com/film/aladdin/,5
2018-10-27,Beauty and the Beast,1991,https://letterboxd.com/film/beauty-and-the-beast-1991/,4.5
2018-10-27,Tower Heist,2011,https://letterboxd.com/film/tower-heist/,2
2018-10-27,License to Drive,1988,https://letterboxd.com/film/license-to-drive/,3.5
2018-10-27,Mulan,1998,https://letterboxd.com/film/mulan/,5
2018-10-27,World War Z,2013,https://letterboxd.com/film/world-war-z/,2
2018-10-27,Body Electric,2017,https://letterboxd.com/film/body-electric/,2
2018-10-27,De Pernas pro Ar 2,2012,https://letterboxd.com/film/de-pernas-pro-ar-2/,1.5
2018-10-27,Don't Call Me Son,2016,https://letterboxd.com/film/dont-call-me-son/,2
2018-10-27,Freaky Friday,2003,https://letterboxd.com/film/freaky-friday-2003/,3.5
2018-10-27,Os Farofeiros,2018,https://letterboxd.com/film/os-farofeiros/,2
2018-10-27,Harry Potter and the Philosopher's Stone,2001,https://letterboxd.com/film/harry-potter-and-the-philosophers-stone/,4
2018-10-27,Harry Potter and the Goblet of Fire,2005,https://letterboxd.com/film/harry-potter-and-the-goblet-of-fire/,3.5
2018-10-27,Saving Private Ryan,1998,https://letterboxd.com/film/saving-private-ryan/,4.5
2018-10-27,Good Bye Lenin!,2003,https://letterboxd.com/film/good-bye-lenin/,4.5
2018-10-27,The Host,2013,https://letterboxd.com/film/the-host-2013/,0.5
2018-10-27,The Boy in the Striped Pyjamas,2008,https://letterboxd.com/film/the-boy-in-the-striped-pyjamas/,3
2018-10-27,Jaws,1975,https://letterboxd.com/film/jaws/,4
2018-10-27,Interview with the Vampire,1994,https://letterboxd.com/film/interview-with-the-vampire/,3.5
2018-10-27,"Love, Simon",2018,https://letterboxd.com/film/love-simon/,4
2018-10-27,"Everything, Everything",2017,https://letterboxd.com/film/everything-everything/,2
2018-10-27,The Parent Trap,1998,https://letterboxd.com/film/the-parent-trap-1998/,3
2018-10-27,Submarine,2010,https://letterboxd.com/film/submarine/,4
2018-10-28,Black Panther,2018,https://letterboxd.com/film/black-panther-2018/,3.5
2018-10-28,Halloween,1978,https://letterboxd.com/film/halloween-1978/,5
2018-10-31,My Neighbor Totoro,1988,https://letterboxd.com/film/my-neighbor-totoro/,5
2018-11-02,Star Wars: Episode I - The Phantom Menace,1999,https://letterboxd.com/film/star-wars-episode-i-the-phantom-menace/,2.5
2018-11-03,Star Wars: Episode II - Attack of the Clones,2002,https://letterboxd.com/film/star-wars-episode-ii-attack-of-the-clones/,1.5
2018-11-04,Avengers: Infinity War,2018,https://letterboxd.com/film/avengers-infinity-war/,4
2018-11-10,The Miseducation of Cameron Post,2018,https://letterboxd.com/film/the-miseducation-of-cameron-post/,4
2018-11-15,(500) Days of Summer,2009,https://letterboxd.com/film/500-days-of-summer/,3
2018-11-16,School of Rock,2003,https://letterboxd.com/film/school-of-rock/,3.5
2018-12-10,C.R.A.Z.Y.,2005,https://letterboxd.com/film/crazy-2005/,5
2018-12-30,Hereditary,2018,https://letterboxd.com/film/hereditary/,4.5
2018-12-30,Stranger by the Lake,2013,https://letterboxd.com/film/stranger-by-the-lake/,3.5
2018-12-31,Center of My World,2016,https://letterboxd.com/film/center-of-my-world/,3.5
2019-01-01,Summer,2017,https://letterboxd.com/film/summer-2017/,3.5
2019-01-01,Fireworks,1947,https://letterboxd.com/film/fireworks/,3
2019-01-01,I Don't Want to Go Back Alone,2010,https://letterboxd.com/film/i-dont-want-to-go-back-alone/,4.5
2019-01-02,Black Mirror: Bandersnatch,2018,https://letterboxd.com/film/black-mirror-bandersnatch/,4
2019-01-03,The Favourite,2018,https://letterboxd.com/film/the-favourite/,5
2019-01-04,The Nightmare Before Christmas,1993,https://letterboxd.com/film/the-nightmare-before-christmas/,4
2019-01-05,Flavors of Youth,2018,https://letterboxd.com/film/flavors-of-youth/,3.5
2019-01-06,Skate Kitchen,2018,https://letterboxd.com/film/skate-kitchen/,4.5
2019-01-06,That One Day,2016,https://letterboxd.com/film/that-one-day/,4
2019-01-06,Frances Ha,2012,https://letterboxd.com/film/frances-ha/,5
2019-01-07,Beautiful Boy,2018,https://letterboxd.com/film/beautiful-boy-2018/,2.5
2019-01-07,Matilda,1996,https://letterboxd.com/film/matilda/,4
2019-01-08,To All the Boys I've Loved Before,2018,https://letterboxd.com/film/to-all-the-boys-ive-loved-before/,3.5
2019-01-09,You Were Never Really Here,2017,https://letterboxd.com/film/you-were-never-really-here/,5
2019-01-10,Thoroughbreds,2017,https://letterboxd.com/film/thoroughbreds-2017/,4
2019-01-11,Ghost in the Shell,1995,https://letterboxd.com/film/ghost-in-the-shell/,4
2019-01-12,Kill Bill: Vol. 1,2003,https://letterboxd.com/film/kill-bill-vol-1/,5
2019-01-13,A Quiet Place,2018,https://letterboxd.com/film/a-quiet-place-2018/,4.5
2019-01-14,Ready Player One,2018,https://letterboxd.com/film/ready-player-one/,3.5
2019-01-16,Boy Erased,2018,https://letterboxd.com/film/boy-erased/,4
2019-01-18,mid90s,2018,https://letterboxd.com/film/mid90s/,4
2019-01-19,Ant-Man and the Wasp,2018,https://letterboxd.com/film/ant-man-and-the-wasp/,3.5
2019-01-20,Minding the Gap,2018,https://letterboxd.com/film/minding-the-gap/,4
2019-01-20,A Star Is Born,2018,https://letterboxd.com/film/a-star-is-born-2018/,4.5
2019-01-21,Kicking and Screaming,1995,https://letterboxd.com/film/kicking-and-screaming/,3.5
2019-01-22,While We're Young,2014,https://letterboxd.com/film/while-were-young/,3.5
2019-01-23,Moonrise Kingdom,2012,https://letterboxd.com/film/moonrise-kingdom/,5
2019-01-24,Lost in Translation,2003,https://letterboxd.com/film/lost-in-translation/,4.5
2019-01-25,Nick and Norah's Infinite Playlist,2008,https://letterboxd.com/film/nick-and-norahs-infinite-playlist/,2
2019-01-26,Before Sunrise,1995,https://letterboxd.com/film/before-sunrise/,5
2019-01-27,The Kings of Summer,2013,https://letterboxd.com/film/the-kings-of-summer/,3.5
2019-01-27,The Age of Innocence,1993,https://letterboxd.com/film/the-age-of-innocence/,5
2019-01-27,Before Sunset,2004,https://letterboxd.com/film/before-sunset/,5
2019-01-28,The Nice Guys,2016,https://letterboxd.com/film/the-nice-guys/,3
2019-01-29,Suspiria,2018,https://letterboxd.com/film/suspiria-2018/,5
2019-01-31,Before Midnight,2013,https://letterboxd.com/film/before-midnight/,5
2019-02-01,Two Weeks Notice,2002,https://letterboxd.com/film/two-weeks-notice/,3.5
2019-02-02,Velvet Buzzsaw,2019,https://letterboxd.com/film/velvet-buzzsaw/,2
2019-02-03,The Witches,1990,https://letterboxd.com/film/the-witches/,3
2019-02-03,Your Name.,2016,https://letterboxd.com/film/your-name/,5
2019-02-03,Midnight in Paris,2011,https://letterboxd.com/film/midnight-in-paris/,4
2019-02-03,Mirai,2018,https://letterboxd.com/film/mirai/,4.5
2019-02-03,Your Light: Kase-san and Morning Glories,2017,https://letterboxd.com/film/your-light-kase-san-and-morning-glories/,3
2019-02-03,Kase-san and Morning Glories,2018,https://letterboxd.com/film/kase-san-and-morning-glories/,3.5
2019-02-04,Collateral,2004,https://letterboxd.com/film/collateral/,4
2019-02-04,Me and Earl and the Dying Girl,2015,https://letterboxd.com/film/me-and-earl-and-the-dying-girl/,4.5
2019-02-05,Mistress America,2015,https://letterboxd.com/film/mistress-america/,5
2019-02-06,Phantom Thread,2017,https://letterboxd.com/film/phantom-thread/,5
2019-02-07,Léon: The Professional,1994,https://letterboxd.com/film/leon-the-professional/,4
2019-02-08,Se7en,1995,https://letterboxd.com/film/se7en/,5
2019-02-09,The Talented Mr. Ripley,1999,https://letterboxd.com/film/the-talented-mr-ripley/,3.5
2019-02-10,The 400 Blows,1959,https://letterboxd.com/film/the-400-blows/,5
2019-02-10,The Graduate,1967,https://letterboxd.com/film/the-graduate/,4
2019-02-10,The Umbrellas of Cherbourg,1964,https://letterboxd.com/film/the-umbrellas-of-cherbourg/,3.5
2019-02-11,Fight Club,1999,https://letterboxd.com/film/fight-club/,5
2019-02-11,Venom,2018,https://letterboxd.com/film/venom-2018/,2.5
2019-02-11,Scott Pilgrim vs. the World,2010,https://letterboxd.com/film/scott-pilgrim-vs-the-world/,5
2019-02-12,Sing Street,2016,https://letterboxd.com/film/sing-street/,4
2019-02-13,Steve Jobs,2015,https://letterboxd.com/film/steve-jobs/,5
2019-02-14,Juno,2007,https://letterboxd.com/film/juno/,4
2019-02-15,Enemy,2013,https://letterboxd.com/film/enemy/,4.5
2019-02-16,Shoplifters,2018,https://letterboxd.com/film/shoplifters/,4.5
2019-02-17,Easy A,2010,https://letterboxd.com/film/easy-a/,4
2019-02-17,Fantastic Beasts: The Crimes of Grindelwald,2018,https://letterboxd.com/film/fantastic-beasts-the-crimes-of-grindelwald/,2.5
2019-02-18,Interstellar,2014,https://letterboxd.com/film/interstellar/,5
2019-02-18,Eighth Grade,2018,https://letterboxd.com/film/eighth-grade/,4.5
2019-02-19,Dead Poets Society,1989,https://letterboxd.com/film/dead-poets-society/,5
2019-02-20,Good Will Hunting,1997,https://letterboxd.com/film/good-will-hunting/,4
2019-02-21,Ben Is Back,2018,https://letterboxd.com/film/ben-is-back/,3.5
2019-02-22,First Reformed,2017,https://letterboxd.com/film/first-reformed/,4.5
2019-02-25,GoodFellas,1990,https://letterboxd.com/film/goodfellas/,5
2019-02-27,Vox Lux,2018,https://letterboxd.com/film/vox-lux/,3
2019-03-01,Kitbull,2019,https://letterboxd.com/film/kitbull/,4.5
2019-03-01,Riley's First Date?,2015,https://letterboxd.com/film/rileys-first-date/,3
2019-03-02,Inglourious Basterds,2009,https://letterboxd.com/film/inglourious-basterds/,5
2019-03-03,The Blair Witch Project,1999,https://letterboxd.com/film/the-blair-witch-project/,4
2019-03-03,My Hero Academia: Two Heroes,2018,https://letterboxd.com/film/my-hero-academia-two-heroes/,3
2019-03-03,The Godfather,1972,https://letterboxd.com/film/the-godfather/,5
2019-03-03,Loveling,2018,https://letterboxd.com/film/loveling/,4.5
2019-03-04,Star Wars: Episode III - Revenge of the Sith,2005,https://letterboxd.com/film/star-wars-episode-iii-revenge-of-the-sith/,3.5
2019-03-04,The Godfather: Part II,1974,https://letterboxd.com/film/the-godfather-part-ii/,5
2019-03-05,The Revenant,2015,https://letterboxd.com/film/the-revenant-2015/,4
2019-03-05,The Departed,2006,https://letterboxd.com/film/the-departed/,5
2019-03-05,Taxi Driver,1976,https://letterboxd.com/film/taxi-driver/,5
2019-03-06,Aquaman,2018,https://letterboxd.com/film/aquaman-2018/,3
2019-03-06,Ferris Bueller's Day Off,1986,https://letterboxd.com/film/ferris-buellers-day-off/,5
2019-03-06,Sixteen Candles,1984,https://letterboxd.com/film/sixteen-candles/,2.5
2019-03-07,Alien,1979,https://letterboxd.com/film/alien/,5
2019-03-07,Rebel Without a Cause,1955,https://letterboxd.com/film/rebel-without-a-cause/,4.5
2019-03-08,Pan's Labyrinth,2006,https://letterboxd.com/film/pans-labyrinth/,4.5
2019-03-09,The Sixth Sense,1999,https://letterboxd.com/film/the-sixth-sense/,4
2019-03-09,Thelma & Louise,1991,https://letterboxd.com/film/thelma-louise/,4.5
2019-03-10,The Lord of the Rings: The Fellowship of the Ring,2001,https://letterboxd.com/film/the-lord-of-the-rings-the-fellowship-of-the-ring/,5
2019-03-10,Fantastic Planet,1973,https://letterboxd.com/film/fantastic-planet/,3.5
2019-03-11,The Lord of the Rings: The Two Towers,2002,https://letterboxd.com/film/the-lord-of-the-rings-the-two-towers/,5
2019-03-12,Sauvage / Wild,2018,https://letterboxd.com/film/sauvage-wild/,3
2019-03-14,Solo: A Star Wars Story,2018,https://letterboxd.com/film/solo-a-star-wars-story/,2.5
2019-03-15,Scenes from the Suburbs,2011,https://letterboxd.com/film/scenes-from-the-suburbs/,3.5
2019-03-17,The Lord of the Rings: The Return of the King,2003,https://letterboxd.com/film/the-lord-of-the-rings-the-return-of-the-king/,5
2019-03-17,Shutter Island,2010,https://letterboxd.com/film/shutter-island/,4.5
2019-03-19,"You, Me and Him",2007,https://letterboxd.com/film/you-me-and-him/,4
2019-03-20,Jamie,2016,https://letterboxd.com/film/jamie/,3
2019-03-21,It's Consuming Me,2012,https://letterboxd.com/film/its-consuming-me/,3
2019-03-23,Le Samouraï,1967,https://letterboxd.com/film/le-samourai/,5
2019-03-24,Some Like It Hot,1959,https://letterboxd.com/film/some-like-it-hot/,5
2019-03-25,Pulp Fiction,1994,https://letterboxd.com/film/pulp-fiction/,5
2019-03-26,Carol,2015,https://letterboxd.com/film/carol-2015/,5
2019-03-27,The Handmaiden,2016,https://letterboxd.com/film/the-handmaiden/,5
2019-03-28,Bickford Park,2017,https://letterboxd.com/film/bickford-park/,3
2019-03-28,The Mess He Made,2017,https://letterboxd.com/film/the-mess-he-made/,3
2019-03-29,Landline,2018,https://letterboxd.com/film/landline-2018/,3.5
2019-03-30,The Night of the Hunter,1955,https://letterboxd.com/film/the-night-of-the-hunter/,5
2019-03-30,Maurice,1987,https://letterboxd.com/film/maurice/,4
2019-03-31,There Will Be Blood,2007,https://letterboxd.com/film/there-will-be-blood/,5
2019-04-01,The Matrix,1999,https://letterboxd.com/film/the-matrix/,4
2019-04-01,The Matrix Reloaded,2003,https://letterboxd.com/film/the-matrix-reloaded/,3
2019-04-01,The Matrix Revolutions,2003,https://letterboxd.com/film/the-matrix-revolutions/,2.5
2019-04-03,The Shawshank Redemption,1994,https://letterboxd.com/film/the-shawshank-redemption/,5
2019-04-06,Grave of the Fireflies,1988,https://letterboxd.com/film/grave-of-the-fireflies/,5
2019-04-07,Schindler's List,1993,https://letterboxd.com/film/schindlers-list/,5
2019-04-07,The Pianist,2002,https://letterboxd.com/film/the-pianist/,4
2019-04-08,Breathless,1960,https://letterboxd.com/film/breathless/,4
2019-04-08,Princess Mononoke,1997,https://letterboxd.com/film/princess-mononoke/,4.5
2019-04-09,Kiki's Delivery Service,1989,https://letterboxd.com/film/kikis-delivery-service/,4.5
2019-04-10,Perfect Blue,1997,https://letterboxd.com/film/perfect-blue/,4.5
2019-04-11,From Up on Poppy Hill,2011,https://letterboxd.com/film/from-up-on-poppy-hill/,3
2019-04-12,Howl's Moving Castle,2004,https://letterboxd.com/film/howls-moving-castle/,4.5
2019-04-13,Whisper of the Heart,1995,https://letterboxd.com/film/whisper-of-the-heart/,4
2019-04-13,The Perfect Date,2019,https://letterboxd.com/film/the-perfect-date-2019/,2
2019-04-14,Star Wars,1977,https://letterboxd.com/film/star-wars/,5
2019-04-14,The Empire Strikes Back,1980,https://letterboxd.com/film/the-empire-strikes-back/,5
2019-04-14,Guava Island,2019,https://letterboxd.com/film/guava-island/,4
2019-04-14,Return of the Jedi,1983,https://letterboxd.com/film/return-of-the-jedi/,5
2019-04-15,Batman: Bad Blood,2016,https://letterboxd.com/film/batman-bad-blood/,3
2019-04-16,Persona,1966,https://letterboxd.com/film/persona/,5
2019-04-17,Free Solo,2018,https://letterboxd.com/film/free-solo/,4
2019-04-18,Homecoming: A Film by Beyoncé,2019,https://letterboxd.com/film/homecoming-a-film-by-beyonce/,5
2019-04-19,Captain America: The First Avenger,2011,https://letterboxd.com/film/captain-america-the-first-avenger/,3.5
2019-04-19,Iron Man,2008,https://letterboxd.com/film/iron-man-2008/,4
2019-04-20,Iron Man 2,2010,https://letterboxd.com/film/iron-man-2/,3
2019-04-20,The Incredible Hulk,2008,https://letterboxd.com/film/the-incredible-hulk/,0.5
2019-04-21,Marvel One-Shot: Agent Carter,2013,https://letterboxd.com/film/marvel-one-shot-agent-carter/,3.5
2019-04-21,Marvel One-Shot: A Funny Thing Happened on the Way to Thor's Hammer,2011,https://letterboxd.com/film/marvel-one-shot-a-funny-thing-happened-on-the-way-to-thors-hammer/,3
2019-04-21,Marvel One-Shot: The Consultant,2011,https://letterboxd.com/film/marvel-one-shot-the-consultant/,3
2019-04-21,The Avengers,2012,https://letterboxd.com/film/the-avengers-2012/,4
2019-04-21,Marvel One-Shot: Item 47,2012,https://letterboxd.com/film/marvel-one-shot-item-47/,3
2019-04-21,Iron Man 3,2013,https://letterboxd.com/film/iron-man-3/,3
2019-04-21,Marvel One-Shot: All Hail the King,2014,https://letterboxd.com/film/marvel-one-shot-all-hail-the-king/,3
2019-04-24,Guardians of the Galaxy,2014,https://letterboxd.com/film/guardians-of-the-galaxy/,3.5
2019-04-25,Avengers: Age of Ultron,2015,https://letterboxd.com/film/avengers-age-of-ultron/,3
2019-04-27,Captain America: Civil War,2016,https://letterboxd.com/film/captain-america-civil-war/,4.5
2019-04-28,Zombieland,2009,https://letterboxd.com/film/zombieland/,3.5
2019-04-28,City of God,2002,https://letterboxd.com/film/city-of-god/,5
2019-04-28,The Way He Looks,2014,https://letterboxd.com/film/the-way-he-looks/,4
2019-04-29,The Ballad of Buster Scruggs,2018,https://letterboxd.com/film/the-ballad-of-buster-scruggs/,3
2019-04-30,Chinatown,1974,https://letterboxd.com/film/chinatown/,5
2019-04-30,The Untouchables,1987,https://letterboxd.com/film/the-untouchables/,2.5
2019-04-30,Airplane!,1980,https://letterboxd.com/film/airplane/,4
2019-04-30,Someone Great,2019,https://letterboxd.com/film/someone-great/,3.5
2019-05-01,Avengers: Endgame,2019,https://letterboxd.com/film/avengers-endgame/,3
2019-05-02,Team Thor,2016,https://letterboxd.com/film/team-thor/,4
2019-05-02,Team Thor: Part 2,2017,https://letterboxd.com/film/team-thor-part-2/,4
2019-05-02,Team Darryl,2018,https://letterboxd.com/film/team-darryl/,4
2019-05-03,Blue Neighbourhood,2015,https://letterboxd.com/film/blue-neighbourhood-2015/,4
2019-05-13,Possession,1981,https://letterboxd.com/film/possession/,4
2019-05-24,Zodiac,2007,https://letterboxd.com/film/zodiac/,5
2019-05-25,The Perfection,2018,https://letterboxd.com/film/the-perfection/,4
2019-05-25,Booksmart,2019,https://letterboxd.com/film/booksmart/,5
2019-05-26,Us,2019,https://letterboxd.com/film/us-2019/,3
2019-05-26,The Prestige,2006,https://letterboxd.com/film/the-prestige/,5
2019-05-26,Notting Hill,1999,https://letterboxd.com/film/notting-hill/,4
2019-05-27,Confessions of a Shopaholic,2009,https://letterboxd.com/film/confessions-of-a-shopaholic/,3
2019-05-27,A Ghost Story,2017,https://letterboxd.com/film/a-ghost-story-2017/,4
2019-05-28,Climax,2018,https://letterboxd.com/film/climax-2018/,4.5
2019-06-02,The Hunt,2012,https://letterboxd.com/film/the-hunt-2012/,4
2019-06-02,Witness for the Prosecution,1957,https://letterboxd.com/film/witness-for-the-prosecution-1957/,5
2019-06-03,Always Be My Maybe,2019,https://letterboxd.com/film/always-be-my-maybe-2019/,3
2019-06-04,Irrational Man,2015,https://letterboxd.com/film/irrational-man/,3
2019-06-05,The Cabin in the Woods,2011,https://letterboxd.com/film/the-cabin-in-the-woods/,2
2019-07-26,The Lion King,2019,https://letterboxd.com/film/the-lion-king-2019/,3
2019-08-01,Spider-Man: Far from Home,2019,https://letterboxd.com/film/spider-man-far-from-home/,4
2019-08-04,Aziz Ansari: Right Now,2019,https://letterboxd.com/film/aziz-ansari-right-now/,4
2019-08-04,Amy Schumer: Growing,2019,https://letterboxd.com/film/amy-schumer-growing/,2.5
2019-08-13,Parasite,2019,https://letterboxd.com/film/parasite-2019/,5
2019-09-30,Midsommar,2019,https://letterboxd.com/film/midsommar/,4
2019-12-21,Star Wars: The Rise of Skywalker,2019,https://letterboxd.com/film/star-wars-the-rise-of-skywalker/,2.5
2019-12-24,Portrait of a Lady on Fire,2019,https://letterboxd.com/film/portrait-of-a-lady-on-fire/,5
2020-01-03,12 Angry Men,1957,https://letterboxd.com/film/12-angry-men/,5
2020-01-04,Shelter,2007,https://letterboxd.com/film/shelter/,3.5
2020-01-07,My Mom is a Character 3,2019,https://letterboxd.com/film/my-mom-is-a-character-3/,4
2020-01-09,The Two Popes,2019,https://letterboxd.com/film/the-two-popes/,4.5
2020-01-10,Little Women,2019,https://letterboxd.com/film/little-women-2019/,5
2020-01-20,Once Upon a Time… in Hollywood,2019,https://letterboxd.com/film/once-upon-a-time-in-hollywood/,5
2020-01-20,A Rainy Day in New York,2019,https://letterboxd.com/film/a-rainy-day-in-new-york/,3
2020-01-21,WHAT DID JACK DO?,2017,https://letterboxd.com/film/what-did-jack-do/,4.5
2020-01-21,Joker,2019,https://letterboxd.com/film/joker-2019/,4
2020-01-22,Pain and Glory,2019,https://letterboxd.com/film/pain-and-glory/,4
2020-01-24,1917,2019,https://letterboxd.com/film/1917/,5
2020-01-25,Marriage Story,2019,https://letterboxd.com/film/marriage-story-2019/,5
2020-01-25,Tie Me Up! Tie Me Down!,1989,https://letterboxd.com/film/tie-me-up-tie-me-down/,3
2020-01-26,The Theory of Everything,2014,https://letterboxd.com/film/the-theory-of-everything-2014/,3
2020-01-26,The Silence of the Lambs,1991,https://letterboxd.com/film/the-silence-of-the-lambs/,5
2020-01-27,Kill Bill: Vol. 2,2004,https://letterboxd.com/film/kill-bill-vol-2/,5
2020-02-02,The Irishman,2019,https://letterboxd.com/film/the-irishman-2019/,4.5
2020-02-02,Rosemary's Baby,1968,https://letterboxd.com/film/rosemarys-baby/,5
2020-02-02,Fantastic Mr. Fox,2009,https://letterboxd.com/film/fantastic-mr-fox/,4.5
2020-02-02,Miss Americana,2020,https://letterboxd.com/film/miss-americana/,3.5
2020-02-03,Blue Jasmine,2013,https://letterboxd.com/film/blue-jasmine/,3
2020-02-07,Birds of Prey (and the Fantabulous Emancipation of One Harley Quinn),2020,https://letterboxd.com/film/birds-of-prey-and-the-fantabulous-emancipation-of-one-harley-quinn/,4
2020-02-09,Knives Out,2019,https://letterboxd.com/film/knives-out-2019/,4
2020-02-09,Jojo Rabbit,2019,https://letterboxd.com/film/jojo-rabbit/,3
2020-02-16,Whiplash,2014,https://letterboxd.com/film/whiplash-2014/,5
2020-02-16,Sunset Boulevard,1950,https://letterboxd.com/film/sunset-boulevard/,5
2020-02-17,Purple Noon,1960,https://letterboxd.com/film/purple-noon/,4
2020-02-17,Citizen Kane,1941,https://letterboxd.com/film/citizen-kane/,4.5
2020-02-17,Dazed and Confused,1993,https://letterboxd.com/film/dazed-and-confused/,4
2020-02-23,Chicago,2002,https://letterboxd.com/film/chicago/,4.5
2020-02-23,Raiders of the Lost Ark,1981,https://letterboxd.com/film/raiders-of-the-lost-ark/,4
2020-02-23,Shazam!,2019,https://letterboxd.com/film/shazam/,4
2020-02-24,Mulholland Drive,2001,https://letterboxd.com/film/mulholland-drive/,5
2020-02-25,The Big Lebowski,1998,https://letterboxd.com/film/the-big-lebowski/,2.5
2020-02-26,Ad Astra,2019,https://letterboxd.com/film/ad-astra-2019/,4.5
2020-02-27,The Lighthouse,2019,https://letterboxd.com/film/the-lighthouse-2019/,5
2020-02-28,Hustlers,2019,https://letterboxd.com/film/hustlers-2019/,4
2020-02-29,A Simple Favor,2018,https://letterboxd.com/film/a-simple-favor/,3.5
2020-03-15,Blade Runner,1982,https://letterboxd.com/film/blade-runner/,4
2020-04-06,Resident Evil,2002,https://letterboxd.com/film/resident-evil/,3.5
2020-06-15,Paris or Perish,2013,https://letterboxd.com/film/paris-or-perish/,1
2020-06-16,365 Days,2020,https://letterboxd.com/film/365-days-2020/,0.5
2020-06-21,Little Fires Everywhere,2020,https://letterboxd.com/film/little-fires-everywhere/,4
2020-07-07,La Jetée,1962,https://letterboxd.com/film/la-jetee/,4.5
2020-07-07,The Staggering Girl,2019,https://letterboxd.com/film/the-staggering-girl/,3
2020-07-08,And Then We Danced,2019,https://letterboxd.com/film/and-then-we-danced/,4.5
2020-07-11,Trainspotting,1996,https://letterboxd.com/film/trainspotting/,4
2020-07-12,Palm Springs,2020,https://letterboxd.com/film/palm-springs-2020/,4
2020-07-12,Molly's Game,2017,https://letterboxd.com/film/mollys-game/,4
2020-07-12,Back to the Future Part II,1989,https://letterboxd.com/film/back-to-the-future-part-ii/,5
2020-07-13,Back to the Future Part III,1990,https://letterboxd.com/film/back-to-the-future-part-iii/,4.5
2020-07-13,All About My Mother,1999,https://letterboxd.com/film/all-about-my-mother/,4
2020-07-14,My Life as a Zucchini,2016,https://letterboxd.com/film/my-life-as-a-zucchini/,4.5
2020-07-15,The Tree of Life,2011,https://letterboxd.com/film/the-tree-of-life-2011/,4.5
2020-07-16,Ghost,1990,https://letterboxd.com/film/ghost/,3.5
2020-07-17,Requiem for a Dream,2000,https://letterboxd.com/film/requiem-for-a-dream/,4
2020-07-18,The Wolf of Wall Street,2013,https://letterboxd.com/film/the-wolf-of-wall-street/,4.5
2020-07-19,One Flew Over the Cuckoo's Nest,1975,https://letterboxd.com/film/one-flew-over-the-cuckoos-nest/,4.5
2020-07-19,Memento,2000,https://letterboxd.com/film/memento/,4
2020-07-19,Bad Education,2004,https://letterboxd.com/film/bad-education/,4.5
2020-07-20,Matthias & Maxime,2019,https://letterboxd.com/film/matthias-maxime/,4.5
2020-07-20,Death Proof,2007,https://letterboxd.com/film/death-proof/,4.5
2020-07-25,Playing,2007,https://letterboxd.com/film/playing/,5
2020-08-02,Black Is King,2020,https://letterboxd.com/film/black-is-king/,4
2020-08-08,Law of Desire,1987,https://letterboxd.com/film/law-of-desire/,4
2020-08-10,Bring It On,2000,https://letterboxd.com/film/bring-it-on/,3.5
2020-08-11,Scream,1996,https://letterboxd.com/film/scream/,4
2020-08-12,Scream 2,1997,https://letterboxd.com/film/scream-2/,3.5
2020-08-14,Scream 3,2000,https://letterboxd.com/film/scream-3/,3
2020-08-14,Scream 4,2011,https://letterboxd.com/film/scream-4/,4
2020-08-16,Heat,1995,https://letterboxd.com/film/heat-1995/,5
2020-08-16,Inside Man,2006,https://letterboxd.com/film/inside-man/,3
2020-08-16,Neighboring Sounds,2012,https://letterboxd.com/film/neighboring-sounds/,4.5
2020-08-17,Public Enemies,2009,https://letterboxd.com/film/public-enemies-2009/,3.5
2020-08-17,Dangerous Minds,1995,https://letterboxd.com/film/dangerous-minds/,2.5
2020-08-17,Annie Hall,1977,https://letterboxd.com/film/annie-hall/,4
2020-08-18,Host,2020,https://letterboxd.com/film/host-2020/,4
2020-08-18,Ready or Not,2019,https://letterboxd.com/film/ready-or-not-2019/,3.5
2020-08-19,Live Flesh,1997,https://letterboxd.com/film/live-flesh/,3.5
2020-08-20,The Cakemaker,2017,https://letterboxd.com/film/the-cakemaker/,4
2020-08-20,Esteros,2016,https://letterboxd.com/film/esteros/,2.5
2020-08-21,BlacKkKlansman,2018,https://letterboxd.com/film/blackkklansman/,4
2020-08-22,Brokeback Mountain,2005,https://letterboxd.com/film/brokeback-mountain/,5
2020-08-23,Curiosa,2019,https://letterboxd.com/film/curiosa/,2
2020-08-24,Twilight,2008,https://letterboxd.com/film/twilight-2008/,4
2020-08-25,The Twilight Saga: New Moon,2009,https://letterboxd.com/film/the-twilight-saga-new-moon/,3.5
2020-08-27,The Twilight Saga: Breaking Dawn - Part 1,2011,https://letterboxd.com/film/the-twilight-saga-breaking-dawn-part-1/,3.5
2020-08-30,Miami Vice,2006,https://letterboxd.com/film/miami-vice/,4.5
2020-08-30,Blackhat,2015,https://letterboxd.com/film/blackhat/,4
2020-08-30,A Frente Fria que a Chuva Traz,2016,https://letterboxd.com/film/a-frente-fria-que-a-chuva-traz/,3
2020-08-30,The Daytime Doorman,2016,https://letterboxd.com/film/the-daytime-doorman/,2
2020-09-02,Milk,2008,https://letterboxd.com/film/milk-2008/,3.5
2020-09-03,Dogtooth,2009,https://letterboxd.com/film/dogtooth/,4.5
2020-09-06,Prisoners,2013,https://letterboxd.com/film/prisoners/,4.5
2020-09-06,Ocean's Eight,2018,https://letterboxd.com/film/oceans-eight/,3.5
2020-09-06,The Farewell,2019,https://letterboxd.com/film/the-farewell-2019/,4
2020-09-08,Pokémon: The First Movie - Mewtwo Strikes Back,1998,https://letterboxd.com/film/pokemon-the-first-movie-mewtwo-strikes-back/,5
2020-09-08,Speed Racer,2008,https://letterboxd.com/film/speed-racer/,5
